{"type":"Topology","arcs":[[[3142,954],[28,-119],[-17,-50],[-78,-60],[-76,-111],[-9,-79],[31,7],[55,-41],[-36,-50],[28,-5],[9,-40],[-14,-40],[-64,-45],[-43,17],[33,-138],[-26,-45]],[[2963,155],[-58,34],[-87,-58],[1,24],[-58,27],[1,84],[-49,45],[-146,-77],[-60,10],[-7,64],[-85,-7],[19,19],[-45,17],[-3,27],[-155,51],[23,100],[-34,73],[-160,28],[-71,79],[-58,-51],[-46,10]],[[1885,654],[18,39],[-22,17],[93,5],[44,51],[109,40],[20,27],[-12,42],[86,34],[30,-41],[48,2],[-18,87],[32,25],[15,67],[56,6],[2,51],[71,80]],[[2457,1186],[131,-40],[63,32],[45,-17],[4,-28],[50,77],[19,-88],[48,-33],[69,-158],[66,6],[-20,97],[50,50],[23,-119],[86,-40],[51,29]],[[3142,954],[24,91],[34,-23],[39,22],[19,-41],[139,-52],[65,-77],[120,25],[15,-24],[55,26],[24,-33],[54,-3],[53,87],[16,-25],[161,-34],[-74,-212],[11,-95],[-39,-128],[72,-80],[26,-127],[-13,-80],[-64,-161],[-69,72],[-19,-29],[-29,19],[-11,-34],[-43,14],[-35,-32],[-68,35],[-48,-19],[-13,-36],[-122,61],[-9,80],[-87,-73],[-79,-24],[-188,115],[-96,-4]],[[591,2193],[92,-28],[3,-63],[86,34],[75,-27],[-50,-131],[12,-39],[33,-11],[9,-85],[-29,-74],[-80,21],[-56,-55],[15,-71],[32,-16],[-75,-76],[82,-143],[-29,-4],[-43,96],[-111,-2],[-74,42],[-33,-22],[58,-57],[20,16],[29,-33],[2,26],[39,-117],[-107,-160]],[[491,1214],[-243,174],[-31,-13],[6,-67],[-130,122],[-85,39],[-8,55],[42,111],[62,23],[-12,47],[24,-10],[10,66],[-36,76],[29,5],[51,85],[-21,86],[21,32],[41,0],[48,91],[76,35],[88,136],[49,-2],[51,-128],[68,16]],[[1751,1678],[11,-31],[-31,-15],[0,-66],[-57,-65],[-7,-56],[-101,-36],[-64,15],[-14,-69],[-68,-2],[-1,-51],[-26,15],[-21,-31],[37,-92],[70,-52],[-37,-23],[14,-76],[-23,5],[-20,-40],[25,-74],[-92,-10],[-37,-46],[26,-31],[-50,-10],[4,-22]],[[1289,815],[-126,-25],[-185,145],[-49,3],[-40,-42],[-198,133],[-17,48],[-33,8],[-28,-25],[-51,133],[-71,21]],[[591,2193],[-8,63],[68,35],[5,125],[70,-30],[5,34],[36,11],[173,-74],[45,23],[22,-33],[-14,-39],[52,-51],[-17,-50],[80,-13],[80,-59],[24,10],[45,-55],[-10,-20],[52,-1],[-19,-42],[27,3],[40,-47],[53,9],[73,-61],[65,2],[32,-26],[-8,-32],[71,-52],[51,-120],[67,-25]],[[1885,654],[-31,-13],[18,-26],[-21,-22],[-121,73],[-109,6],[10,-40],[-51,-48],[-57,72],[-221,30],[-13,129]],[[1751,1678],[26,41],[95,48],[144,-51],[-19,-33],[13,-82],[29,-5],[-11,-85],[89,-24],[43,-90],[8,27],[55,-7],[33,-59],[79,-39],[61,12],[37,54],[63,-24],[-1,-64],[-42,-46],[4,-65]]],"transform":{"scale":[0.0020552452164467223,0.0016855618827188775],"translate":[80.06014251708984,26.347515106201286]},"objects":{"states":{"type":"GeometryCollection","geometries":[{"arcs":[[0,1,2,3]],"type":"Polygon","properties":{"ID_0":157,"ISO":"NPL","NAME_0":"Nepal","ID_1":1,"NAME_1":"Central","TYPE_1":"Vikas Kshetra","ENGTYPE_1":"Development Region","NL_NAME_1":"मध्यमाञ्चल विकास क","VARNAME_1":"Madhyamanchal"}},{"arcs":[[-1,4]],"type":"Polygon","properties":{"ID_0":157,"ISO":"NPL","NAME_0":"Nepal","ID_1":2,"NAME_1":"East","TYPE_1":"Vikas Kshetra","ENGTYPE_1":"Development Region","NL_NAME_1":"पुर्वाञ्चल विकास क","VARNAME_1":"Eastern|Purwanchal"}},{"arcs":[[5,6]],"type":"Polygon","properties":{"ID_0":157,"ISO":"NPL","NAME_0":"Nepal","ID_1":3,"NAME_1":"Far-Western","TYPE_1":"Vikas Kshetra","ENGTYPE_1":"Development Region","NL_NAME_1":"सुदुर पश्चिमाञ्चल","VARNAME_1":"Sudur Pashchimanchal"}},{"arcs":[[7,8,-6,9]],"type":"Polygon","properties":{"ID_0":157,"ISO":"NPL","NAME_0":"Nepal","ID_1":4,"NAME_1":"Mid-Western","TYPE_1":"Vikas Kshetra","ENGTYPE_1":"Development Region","NL_NAME_1":"मध्य पश्चिमाञ्चल व","VARNAME_1":"Madhya Pashchimanchal"}},{"arcs":[[-3,10,-8,11]],"type":"Polygon","properties":{"ID_0":157,"ISO":"NPL","NAME_0":"Nepal","ID_1":5,"NAME_1":"West","TYPE_1":"Vikas Kshetra","ENGTYPE_1":"Development Region","NL_NAME_1":"पश्चिमाञ्चल विकास","VARNAME_1":"Western|Pashchimanchal"}}]}}}